arquivo,metodo
".dockerignore","Build/configuração/metadados: inventário, varredura e validação no build/pacote"
".editorconfig","Build/configuração/metadados: inventário, varredura e validação no build/pacote"
".env.example","Build/configuração/metadados: inventário, varredura e validação no build/pacote"
".gitattributes","Build/configuração/metadados: inventário, varredura e validação no build/pacote"
".github/workflows/ci.yml","Revisão de implantação/IO/processos/permissões; validações conforme relatório"
".gitignore","Build/configuração/metadados: inventário, varredura e validação no build/pacote"
"ARCHITECTURE.md","Documentação; varredura de secrets e confronto dirigido com configuração/fluxos atuais"
"CONTRIBUTING.md","Documentação; varredura de secrets e confronto dirigido com configuração/fluxos atuais"
"Directory.Build.props","Build/configuração/metadados: inventário, varredura e validação no build/pacote"
"Discorda.slnx","Build/configuração/metadados: inventário, varredura e validação no build/pacote"
"LICENSE","Inventário e varredura de dados privados; metadados/licenças"
"Painel do servidor.cmd","Build/configuração/metadados: inventário, varredura e validação no build/pacote"
"README.md","Documentação; varredura de secrets e confronto dirigido com configuração/fluxos atuais"
"SECURITY.md","Documentação; varredura de secrets e confronto dirigido com configuração/fluxos atuais"
"apps/desktop/components.json","Build/configuração/metadados: inventário, varredura e validação no build/pacote"
"apps/desktop/electron-builder.yml","Build/configuração/metadados: inventário, varredura e validação no build/pacote"
"apps/desktop/index.html","Build/configuração/metadados: inventário, varredura e validação no build/pacote"
"apps/desktop/package.json","Build/configuração/metadados: inventário, varredura e validação no build/pacote"
"apps/desktop/playwright.config.ts","Build/configuração/metadados: inventário, varredura e validação no build/pacote"
"apps/desktop/resources/THIRD-PARTY-LICENSES.txt","Inventário e varredura de dados privados; metadados/licenças"
"apps/desktop/resources/icon.ico","Asset estático de marca; gerador e inclusão no pacote examinados"
"apps/desktop/resources/icon.png","Asset estático de marca; gerador e inclusão no pacote examinados"
"apps/desktop/resources/icon.svg","Build/configuração/metadados: inventário, varredura e validação no build/pacote"
"apps/desktop/scripts/build-electron.mjs","Build/configuração/metadados: inventário, varredura e validação no build/pacote"
"apps/desktop/scripts/check-package.mjs","Build/configuração/metadados: inventário, varredura e validação no build/pacote"
"apps/desktop/scripts/dev.mjs","Build/configuração/metadados: inventário, varredura e validação no build/pacote"
"apps/desktop/scripts/package-release.mjs","Build/configuração/metadados: inventário, varredura e validação no build/pacote"
"apps/desktop/scripts/sign-release.mjs","Build/configuração/metadados: inventário, varredura e validação no build/pacote"
"apps/desktop/src/main/admin.ts","Revisão por fluxo Main/preload/renderer; IPC, rede, persistência e sinks; suites desktop"
"apps/desktop/src/main/application-audio.ts","Revisão por fluxo Main/preload/renderer; IPC, rede, persistência e sinks; suites desktop"
"apps/desktop/src/main/auth/auth-controller.ts","Revisão por fluxo Main/preload/renderer; IPC, rede, persistência e sinks; suites desktop"
"apps/desktop/src/main/auth/auth-error.ts","Revisão por fluxo Main/preload/renderer; IPC, rede, persistência e sinks; suites desktop"
"apps/desktop/src/main/auth/loopback.ts","Revisão por fluxo Main/preload/renderer; IPC, rede, persistência e sinks; suites desktop"
"apps/desktop/src/main/auth/session-vault.ts","Revisão por fluxo Main/preload/renderer; IPC, rede, persistência e sinks; suites desktop"
"apps/desktop/src/main/chat.ts","Revisão por fluxo Main/preload/renderer; IPC, rede, persistência e sinks; suites desktop"
"apps/desktop/src/main/diagnostics.ts","Revisão por fluxo Main/preload/renderer; IPC, rede, persistência e sinks; suites desktop"
"apps/desktop/src/main/index.ts","Revisão por fluxo Main/preload/renderer; IPC, rede, persistência e sinks; suites desktop"
"apps/desktop/src/main/lan.ts","Revisão por fluxo Main/preload/renderer; IPC, rede, persistência e sinks; suites desktop"
"apps/desktop/src/main/live-chat.ts","Revisão por fluxo Main/preload/renderer; IPC, rede, persistência e sinks; suites desktop"
"apps/desktop/src/main/media.ts","Revisão por fluxo Main/preload/renderer; IPC, rede, persistência e sinks; suites desktop"
"apps/desktop/src/main/security.ts","Revisão por fluxo Main/preload/renderer; IPC, rede, persistência e sinks; suites desktop"
"apps/desktop/src/main/server-config.ts","Revisão por fluxo Main/preload/renderer; IPC, rede, persistência e sinks; suites desktop"
"apps/desktop/src/main/server-discovery.ts","Revisão por fluxo Main/preload/renderer; IPC, rede, persistência e sinks; suites desktop"
"apps/desktop/src/main/server-library.ts","Revisão por fluxo Main/preload/renderer; IPC, rede, persistência e sinks; suites desktop"
"apps/desktop/src/main/server-transport.ts","Revisão por fluxo Main/preload/renderer; IPC, rede, persistência e sinks; suites desktop"
"apps/desktop/src/main/services.ts","Revisão por fluxo Main/preload/renderer; IPC, rede, persistência e sinks; suites desktop"
"apps/desktop/src/main/shortcuts.ts","Revisão por fluxo Main/preload/renderer; IPC, rede, persistência e sinks; suites desktop"
"apps/desktop/src/main/update-key.ts","Revisão por fluxo Main/preload/renderer; IPC, rede, persistência e sinks; suites desktop"
"apps/desktop/src/main/update-verification.ts","Revisão por fluxo Main/preload/renderer; IPC, rede, persistência e sinks; suites desktop"
"apps/desktop/src/main/updates.ts","Revisão por fluxo Main/preload/renderer; IPC, rede, persistência e sinks; suites desktop"
"apps/desktop/src/preload/index.ts","Revisão por fluxo Main/preload/renderer; IPC, rede, persistência e sinks; suites desktop"
"apps/desktop/src/renderer/App.tsx","Revisão por fluxo Main/preload/renderer; IPC, rede, persistência e sinks; suites desktop"
"apps/desktop/src/renderer/community.css","Varredura de conteúdo ativo/URLs; estilos não concedem autorização"
"apps/desktop/src/renderer/components/ui/button.tsx","Revisão por fluxo Main/preload/renderer; IPC, rede, persistência e sinks; suites desktop"
"apps/desktop/src/renderer/components/ui/modal.tsx","Revisão por fluxo Main/preload/renderer; IPC, rede, persistência e sinks; suites desktop"
"apps/desktop/src/renderer/conversation-layout.css","Varredura de conteúdo ativo/URLs; estilos não concedem autorização"
"apps/desktop/src/renderer/env.d.ts","Revisão por fluxo Main/preload/renderer; IPC, rede, persistência e sinks; suites desktop"
"apps/desktop/src/renderer/features/Accessibility.tsx","Revisão por fluxo Main/preload/renderer; IPC, rede, persistência e sinks; suites desktop"
"apps/desktop/src/renderer/features/Servers.tsx","Revisão por fluxo Main/preload/renderer; IPC, rede, persistência e sinks; suites desktop"
"apps/desktop/src/renderer/features/auth/AuthPanel.tsx","Revisão por fluxo Main/preload/renderer; IPC, rede, persistência e sinks; suites desktop"
"apps/desktop/src/renderer/features/chat/AdminPanel.tsx","Revisão por fluxo Main/preload/renderer; IPC, rede, persistência e sinks; suites desktop"
"apps/desktop/src/renderer/features/chat/AudioSetup.tsx","Revisão por fluxo Main/preload/renderer; IPC, rede, persistência e sinks; suites desktop"
"apps/desktop/src/renderer/features/chat/Avatar.tsx","Revisão por fluxo Main/preload/renderer; IPC, rede, persistência e sinks; suites desktop"
"apps/desktop/src/renderer/features/chat/Chat.tsx","Revisão por fluxo Main/preload/renderer; IPC, rede, persistência e sinks; suites desktop"
"apps/desktop/src/renderer/features/chat/ChatTools.tsx","Revisão por fluxo Main/preload/renderer; IPC, rede, persistência e sinks; suites desktop"
"apps/desktop/src/renderer/features/chat/CommunitySetup.tsx","Revisão por fluxo Main/preload/renderer; IPC, rede, persistência e sinks; suites desktop"
"apps/desktop/src/renderer/features/chat/DevicePermissions.tsx","Revisão por fluxo Main/preload/renderer; IPC, rede, persistência e sinks; suites desktop"
"apps/desktop/src/renderer/features/chat/Diagnostics.tsx","Revisão por fluxo Main/preload/renderer; IPC, rede, persistência e sinks; suites desktop"
"apps/desktop/src/renderer/features/chat/ManagementPanel.tsx","Revisão por fluxo Main/preload/renderer; IPC, rede, persistência e sinks; suites desktop"
"apps/desktop/src/renderer/features/chat/MicrophoneSettings.tsx","Revisão por fluxo Main/preload/renderer; IPC, rede, persistência e sinks; suites desktop"
"apps/desktop/src/renderer/features/chat/Operations.tsx","Revisão por fluxo Main/preload/renderer; IPC, rede, persistência e sinks; suites desktop"
"apps/desktop/src/renderer/features/chat/ServerHeader.tsx","Revisão por fluxo Main/preload/renderer; IPC, rede, persistência e sinks; suites desktop"
"apps/desktop/src/renderer/features/chat/SettingsDialog.tsx","Revisão por fluxo Main/preload/renderer; IPC, rede, persistência e sinks; suites desktop"
"apps/desktop/src/renderer/features/chat/StreamWindow.tsx","Revisão por fluxo Main/preload/renderer; IPC, rede, persistência e sinks; suites desktop"
"apps/desktop/src/renderer/features/chat/Voice.tsx","Revisão por fluxo Main/preload/renderer; IPC, rede, persistência e sinks; suites desktop"
"apps/desktop/src/renderer/features/chat/application-audio-worklet.js","Revisão por fluxo Main/preload/renderer; IPC, rede, persistência e sinks; suites desktop"
"apps/desktop/src/renderer/features/chat/application-audio.ts","Revisão por fluxo Main/preload/renderer; IPC, rede, persistência e sinks; suites desktop"
"apps/desktop/src/renderer/features/chat/attention.ts","Revisão por fluxo Main/preload/renderer; IPC, rede, persistência e sinks; suites desktop"
"apps/desktop/src/renderer/features/chat/call-sounds.ts","Revisão por fluxo Main/preload/renderer; IPC, rede, persistência e sinks; suites desktop"
"apps/desktop/src/renderer/features/chat/media-errors.ts","Revisão por fluxo Main/preload/renderer; IPC, rede, persistência e sinks; suites desktop"
"apps/desktop/src/renderer/features/chat/media-quality.ts","Revisão por fluxo Main/preload/renderer; IPC, rede, persistência e sinks; suites desktop"
"apps/desktop/src/renderer/features/chat/mention-text.ts","Revisão por fluxo Main/preload/renderer; IPC, rede, persistência e sinks; suites desktop"
"apps/desktop/src/renderer/features/chat/microphone-worklet.js","Revisão por fluxo Main/preload/renderer; IPC, rede, persistência e sinks; suites desktop"
"apps/desktop/src/renderer/features/chat/microphone.ts","Revisão por fluxo Main/preload/renderer; IPC, rede, persistência e sinks; suites desktop"
"apps/desktop/src/renderer/features/chat/playback.ts","Revisão por fluxo Main/preload/renderer; IPC, rede, persistência e sinks; suites desktop"
"apps/desktop/src/renderer/features/chat/recovery.ts","Revisão por fluxo Main/preload/renderer; IPC, rede, persistência e sinks; suites desktop"
"apps/desktop/src/renderer/features/chat/screen-quality.ts","Revisão por fluxo Main/preload/renderer; IPC, rede, persistência e sinks; suites desktop"
"apps/desktop/src/renderer/features/updates/UpdateControls.tsx","Revisão por fluxo Main/preload/renderer; IPC, rede, persistência e sinks; suites desktop"
"apps/desktop/src/renderer/lib/server-scope.ts","Revisão por fluxo Main/preload/renderer; IPC, rede, persistência e sinks; suites desktop"
"apps/desktop/src/renderer/lib/utils.ts","Revisão por fluxo Main/preload/renderer; IPC, rede, persistência e sinks; suites desktop"
"apps/desktop/src/renderer/main.tsx","Revisão por fluxo Main/preload/renderer; IPC, rede, persistência e sinks; suites desktop"
"apps/desktop/src/renderer/refinements.css","Varredura de conteúdo ativo/URLs; estilos não concedem autorização"
"apps/desktop/src/renderer/server-navigation.css","Varredura de conteúdo ativo/URLs; estilos não concedem autorização"
"apps/desktop/src/renderer/styles.css","Varredura de conteúdo ativo/URLs; estilos não concedem autorização"
"apps/desktop/src/shared/ipc/contracts.ts","Revisão por fluxo Main/preload/renderer; IPC, rede, persistência e sinks; suites desktop"
"apps/desktop/tests/e2e/chat.spec.ts","Testes/fixtures; inspeção dirigida das fronteiras e execução das suites descritas no relatório"
"apps/desktop/tests/e2e/desktop.spec.ts","Testes/fixtures; inspeção dirigida das fronteiras e execução das suites descritas no relatório"
"apps/desktop/tests/e2e/livekit.fixture.ts","Testes/fixtures; inspeção dirigida das fronteiras e execução das suites descritas no relatório"
"apps/desktop/tests/e2e/microphone.spec.ts","Testes/fixtures; inspeção dirigida das fronteiras e execução das suites descritas no relatório"
"apps/desktop/tests/e2e/modal.fixture.html","Testes/fixtures; inspeção dirigida das fronteiras e execução das suites descritas no relatório"
"apps/desktop/tests/e2e/modal.fixture.tsx","Testes/fixtures; inspeção dirigida das fronteiras e execução das suites descritas no relatório"
"apps/desktop/tests/e2e/modal.spec.ts","Testes/fixtures; inspeção dirigida das fronteiras e execução das suites descritas no relatório"
"apps/desktop/tests/e2e/stream.fixture.html","Testes/fixtures; inspeção dirigida das fronteiras e execução das suites descritas no relatório"
"apps/desktop/tests/e2e/stream.fixture.tsx","Testes/fixtures; inspeção dirigida das fronteiras e execução das suites descritas no relatório"
"apps/desktop/tests/e2e/stream.spec.ts","Testes/fixtures; inspeção dirigida das fronteiras e execução das suites descritas no relatório"
"apps/desktop/tests/e2e/voice.fixture.html","Testes/fixtures; inspeção dirigida das fronteiras e execução das suites descritas no relatório"
"apps/desktop/tests/e2e/voice.fixture.tsx","Testes/fixtures; inspeção dirigida das fronteiras e execução das suites descritas no relatório"
"apps/desktop/tests/e2e/voice.spec.ts","Testes/fixtures; inspeção dirigida das fronteiras e execução das suites descritas no relatório"
"apps/desktop/tests/unit/admin-attention.test.ts","Testes/fixtures; inspeção dirigida das fronteiras e execução das suites descritas no relatório"
"apps/desktop/tests/unit/call-sounds.test.ts","Testes/fixtures; inspeção dirigida das fronteiras e execução das suites descritas no relatório"
"apps/desktop/tests/unit/chat.test.ts","Testes/fixtures; inspeção dirigida das fronteiras e execução das suites descritas no relatório"
"apps/desktop/tests/unit/community.test.ts","Testes/fixtures; inspeção dirigida das fronteiras e execução das suites descritas no relatório"
"apps/desktop/tests/unit/diagnostics.test.ts","Testes/fixtures; inspeção dirigida das fronteiras e execução das suites descritas no relatório"
"apps/desktop/tests/unit/live-chat.test.ts","Testes/fixtures; inspeção dirigida das fronteiras e execução das suites descritas no relatório"
"apps/desktop/tests/unit/live-transport.test.ts","Testes/fixtures; inspeção dirigida das fronteiras e execução das suites descritas no relatório"
"apps/desktop/tests/unit/loopback.test.ts","Testes/fixtures; inspeção dirigida das fronteiras e execução das suites descritas no relatório"
"apps/desktop/tests/unit/media-errors.test.ts","Testes/fixtures; inspeção dirigida das fronteiras e execução das suites descritas no relatório"
"apps/desktop/tests/unit/media.test.ts","Testes/fixtures; inspeção dirigida das fronteiras e execução das suites descritas no relatório"
"apps/desktop/tests/unit/mention-text.test.ts","Testes/fixtures; inspeção dirigida das fronteiras e execução das suites descritas no relatório"
"apps/desktop/tests/unit/microphone-lifecycle.test.ts","Testes/fixtures; inspeção dirigida das fronteiras e execução das suites descritas no relatório"
"apps/desktop/tests/unit/microphone.test.ts","Testes/fixtures; inspeção dirigida das fronteiras e execução das suites descritas no relatório"
"apps/desktop/tests/unit/playback.test.ts","Testes/fixtures; inspeção dirigida das fronteiras e execução das suites descritas no relatório"
"apps/desktop/tests/unit/recovery.test.ts","Testes/fixtures; inspeção dirigida das fronteiras e execução das suites descritas no relatório"
"apps/desktop/tests/unit/screen-quality.test.ts","Testes/fixtures; inspeção dirigida das fronteiras e execução das suites descritas no relatório"
"apps/desktop/tests/unit/security.test.ts","Testes/fixtures; inspeção dirigida das fronteiras e execução das suites descritas no relatório"
"apps/desktop/tests/unit/server-config.test.ts","Testes/fixtures; inspeção dirigida das fronteiras e execução das suites descritas no relatório"
"apps/desktop/tests/unit/server-discovery.test.ts","Testes/fixtures; inspeção dirigida das fronteiras e execução das suites descritas no relatório"
"apps/desktop/tests/unit/server-library.test.ts","Testes/fixtures; inspeção dirigida das fronteiras e execução das suites descritas no relatório"
"apps/desktop/tests/unit/session-vault.test.ts","Testes/fixtures; inspeção dirigida das fronteiras e execução das suites descritas no relatório"
"apps/desktop/tests/unit/update-verification.test.ts","Testes/fixtures; inspeção dirigida das fronteiras e execução das suites descritas no relatório"
"apps/desktop/tests/unit/updates.test.ts","Testes/fixtures; inspeção dirigida das fronteiras e execução das suites descritas no relatório"
"apps/desktop/tsconfig.json","Build/configuração/metadados: inventário, varredura e validação no build/pacote"
"apps/desktop/vite.config.ts","Build/configuração/metadados: inventário, varredura e validação no build/pacote"
"apps/desktop/vitest.config.ts","Build/configuração/metadados: inventário, varredura e validação no build/pacote"
"docs/adr/0001-electron.md","Documento histórico; inventário/varredura de secrets e identificação como histórico"
"docs/adr/0002-google-authentication.md","Documento histórico; inventário/varredura de secrets e identificação como histórico"
"docs/adr/0003-supabase.md","Documento histórico; inventário/varredura de secrets e identificação como histórico"
"docs/adr/0004-signalr.md","Documento histórico; inventário/varredura de secrets e identificação como histórico"
"docs/adr/0005-webrtc.md","Documento histórico; inventário/varredura de secrets e identificação como histórico"
"docs/adr/0006-sfu.md","Documento histórico; inventário/varredura de secrets e identificação como histórico"
"docs/adr/0007-turn.md","Documento histórico; inventário/varredura de secrets e identificação como histórico"
"docs/adr/0008-repository.md","Documento histórico; inventário/varredura de secrets e identificação como histórico"
"docs/adr/0009-screen-capture.md","Documento histórico; inventário/varredura de secrets e identificação como histórico"
"docs/adr/0010-supabase-authentication.md","Documento histórico; inventário/varredura de secrets e identificação como histórico"
"docs/architecture-proposal.md","Documento histórico; inventário/varredura de secrets e identificação como histórico"
"docs/community-quality.md","Documentação; varredura de secrets e confronto dirigido com configuração/fluxos atuais"
"docs/community.md","Documentação; varredura de secrets e confronto dirigido com configuração/fluxos atuais"
"docs/development-legacy.md","Documentação; varredura de secrets e confronto dirigido com configuração/fluxos atuais"
"docs/phase-1.md","Documento histórico; inventário/varredura de secrets e identificação como histórico"
"docs/phase-10-members-controls.md","Documento histórico; inventário/varredura de secrets e identificação como histórico"
"docs/phase-11-size-sounds.md","Documento histórico; inventário/varredura de secrets e identificação como histórico"
"docs/phase-12-voice-updates-security.md","Documento histórico; inventário/varredura de secrets e identificação como histórico"
"docs/phase-3-local.md","Documento histórico; inventário/varredura de secrets e identificação como histórico"
"docs/phase-4-chat.md","Documento histórico; inventário/varredura de secrets e identificação como histórico"
"docs/phase-5-realtime.md","Documento histórico; inventário/varredura de secrets e identificação como histórico"
"docs/phase-6-media-radmin.md","Documento histórico; inventário/varredura de secrets e identificação como histórico"
"docs/phase-7-call-controls.md","Documento histórico; inventário/varredura de secrets e identificação como histórico"
"docs/phase-8-screen-quality.md","Documento histórico; inventário/varredura de secrets e identificação como histórico"
"docs/phase-9-audio-ui.md","Documento histórico; inventário/varredura de secrets e identificação como histórico"
"docs/pre-release-review.md","Documento histórico; inventário/varredura de secrets e identificação como histórico"
"docs/releases/0.11.0.md","Documento histórico; inventário/varredura de secrets e identificação como histórico"
"docs/security-audit-coverage.csv","Inventário gerado; conferência de cobertura"
"docs/security-audit.md","Documentação; varredura de secrets e confronto dirigido com configuração/fluxos atuais"
"docs/selfhosting-operations.md","Documentação; varredura de secrets e confronto dirigido com configuração/fluxos atuais"
"docs/supabase-auth.md","Documentação; varredura de secrets e confronto dirigido com configuração/fluxos atuais"
"docs/vps.md","Documentação; varredura de secrets e confronto dirigido com configuração/fluxos atuais"
"dotnet-tools.json","Build/configuração/metadados: inventário, varredura e validação no build/pacote"
"global.json","Build/configuração/metadados: inventário, varredura e validação no build/pacote"
"infra/certificates/README.md","Documentação; varredura de secrets e confronto dirigido com configuração/fluxos atuais"
"infra/certificates/supabase-prod-ca-2021.crt","Certificado público; proveniência e uso como raiz PostgreSQL examinados"
"infra/chat-runtime-grants.sql","Revisão de implantação/IO/processos/permissões; validações conforme relatório"
"infra/compose/development.yml","Revisão de implantação/IO/processos/permissões; validações conforme relatório"
"infra/compose/selfhost.yml","Revisão de implantação/IO/processos/permissões; validações conforme relatório"
"infra/compose/vps.yml","Revisão de implantação/IO/processos/permissões; validações conforme relatório"
"package-lock.json","Inventário transitivo; npm/NuGet e confronto dos alertas com os consumidores"
"package.json","Build/configuração/metadados: inventário, varredura e validação no build/pacote"
"packages/contracts/README.md","Documentação; varredura de secrets e confronto dirigido com configuração/fluxos atuais"
"services/backend/Discorda.Api/Admin/AdminEndpoints.cs","Revisão por fluxo API/domínio/persistência; auth, RBAC, queries, concorrência; suites backend"
"services/backend/Discorda.Api/Admin/CommunityAdmin.cs","Revisão por fluxo API/domínio/persistência; auth, RBAC, queries, concorrência; suites backend"
"services/backend/Discorda.Api/Admin/ManagementEndpoints.cs","Revisão por fluxo API/domínio/persistência; auth, RBAC, queries, concorrência; suites backend"
"services/backend/Discorda.Api/Admin/OperationsCache.cs","Revisão por fluxo API/domínio/persistência; auth, RBAC, queries, concorrência; suites backend"
"services/backend/Discorda.Api/Admin/Permissions.cs","Revisão por fluxo API/domínio/persistência; auth, RBAC, queries, concorrência; suites backend"
"services/backend/Discorda.Api/Auth/AuthEndpoints.cs","Revisão por fluxo API/domínio/persistência; auth, RBAC, queries, concorrência; suites backend"
"services/backend/Discorda.Api/Auth/AuthRegistration.cs","Revisão por fluxo API/domínio/persistência; auth, RBAC, queries, concorrência; suites backend"
"services/backend/Discorda.Api/Auth/AuthenticationBudget.cs","Revisão por fluxo API/domínio/persistência; auth, RBAC, queries, concorrência; suites backend"
"services/backend/Discorda.Api/Auth/MemberAccess.cs","Revisão por fluxo API/domínio/persistência; auth, RBAC, queries, concorrência; suites backend"
"services/backend/Discorda.Api/Auth/SupabaseIdentityClient.cs","Revisão por fluxo API/domínio/persistência; auth, RBAC, queries, concorrência; suites backend"
"services/backend/Discorda.Api/Auth/SupabaseOptions.cs","Revisão por fluxo API/domínio/persistência; auth, RBAC, queries, concorrência; suites backend"
"services/backend/Discorda.Api/Auth/WhitelistCommand.cs","Revisão por fluxo API/domínio/persistência; auth, RBAC, queries, concorrência; suites backend"
"services/backend/Discorda.Api/Chat/ChatEndpoints.cs","Revisão por fluxo API/domínio/persistência; auth, RBAC, queries, concorrência; suites backend"
"services/backend/Discorda.Api/Chat/ChatFeatures.cs","Revisão por fluxo API/domínio/persistência; auth, RBAC, queries, concorrência; suites backend"
"services/backend/Discorda.Api/Chat/LiveChat.cs","Revisão por fluxo API/domínio/persistência; auth, RBAC, queries, concorrência; suites backend"
"services/backend/Discorda.Api/Chat/WorkspaceCommand.cs","Revisão por fluxo API/domínio/persistência; auth, RBAC, queries, concorrência; suites backend"
"services/backend/Discorda.Api/Discorda.Api.csproj","Revisão por fluxo API/domínio/persistência; auth, RBAC, queries, concorrência; suites backend"
"services/backend/Discorda.Api/Dockerfile","Revisão por fluxo API/domínio/persistência; auth, RBAC, queries, concorrência; suites backend"
"services/backend/Discorda.Api/Health/DatabaseHealthCheck.cs","Revisão por fluxo API/domínio/persistência; auth, RBAC, queries, concorrência; suites backend"
"services/backend/Discorda.Api/Media/MediaService.cs","Revisão por fluxo API/domínio/persistência; auth, RBAC, queries, concorrência; suites backend"
"services/backend/Discorda.Api/Program.cs","Revisão por fluxo API/domínio/persistência; auth, RBAC, queries, concorrência; suites backend"
"services/backend/Discorda.Api/Properties/launchSettings.json","Revisão por fluxo API/domínio/persistência; auth, RBAC, queries, concorrência; suites backend"
"services/backend/Discorda.Api/appsettings.Development.json","Revisão por fluxo API/domínio/persistência; auth, RBAC, queries, concorrência; suites backend"
"services/backend/Discorda.Api/appsettings.json","Revisão por fluxo API/domínio/persistência; auth, RBAC, queries, concorrência; suites backend"
"services/backend/Discorda.Api/packages.lock.json","Inventário transitivo; npm/NuGet e confronto dos alertas com os consumidores"
"services/backend/Discorda.Api/wwwroot/admin/admin.css","Varredura de conteúdo ativo/URLs; estilos não concedem autorização"
"services/backend/Discorda.Api/wwwroot/admin/admin.js","Revisão por fluxo API/domínio/persistência; auth, RBAC, queries, concorrência; suites backend"
"services/backend/Discorda.Api/wwwroot/admin/index.html","Revisão por fluxo API/domínio/persistência; auth, RBAC, queries, concorrência; suites backend"
"services/backend/Discorda.Core/Channels/Channel.cs","Revisão por fluxo API/domínio/persistência; auth, RBAC, queries, concorrência; suites backend"
"services/backend/Discorda.Core/Channels/ChatFeatures.cs","Revisão por fluxo API/domínio/persistência; auth, RBAC, queries, concorrência; suites backend"
"services/backend/Discorda.Core/Channels/Message.cs","Revisão por fluxo API/domínio/persistência; auth, RBAC, queries, concorrência; suites backend"
"services/backend/Discorda.Core/Discorda.Core.csproj","Revisão por fluxo API/domínio/persistência; auth, RBAC, queries, concorrência; suites backend"
"services/backend/Discorda.Core/Users/AllowedUser.cs","Revisão por fluxo API/domínio/persistência; auth, RBAC, queries, concorrência; suites backend"
"services/backend/Discorda.Core/Users/ApplicationSession.cs","Revisão por fluxo API/domínio/persistência; auth, RBAC, queries, concorrência; suites backend"
"services/backend/Discorda.Core/Users/User.cs","Revisão por fluxo API/domínio/persistência; auth, RBAC, queries, concorrência; suites backend"
"services/backend/Discorda.Core/Workspaces/Workspace.cs","Revisão por fluxo API/domínio/persistência; auth, RBAC, queries, concorrência; suites backend"
"services/backend/Discorda.Core/packages.lock.json","Inventário transitivo; npm/NuGet e confronto dos alertas com os consumidores"
"services/backend/Discorda.Infrastructure/DependencyInjection.cs","Revisão por fluxo API/domínio/persistência; auth, RBAC, queries, concorrência; suites backend"
"services/backend/Discorda.Infrastructure/Discorda.Infrastructure.csproj","Revisão por fluxo API/domínio/persistência; auth, RBAC, queries, concorrência; suites backend"
"services/backend/Discorda.Infrastructure/Persistence/DiscordaDbContext.cs","Revisão por fluxo API/domínio/persistência; auth, RBAC, queries, concorrência; suites backend"
"services/backend/Discorda.Infrastructure/Persistence/Migrations/20260928234602_InitialFoundation.Designer.cs","EF gerado; revisão com modelo/constraints/índices e migrations executadas"
"services/backend/Discorda.Infrastructure/Persistence/Migrations/20260928234602_InitialFoundation.cs","Revisão de schema/SQL/constraints/rollback; execução em PostgreSQL real"
"services/backend/Discorda.Infrastructure/Persistence/Migrations/20260929001007_SupabaseAuthentication.Designer.cs","EF gerado; revisão com modelo/constraints/índices e migrations executadas"
"services/backend/Discorda.Infrastructure/Persistence/Migrations/20260929001007_SupabaseAuthentication.cs","Revisão de schema/SQL/constraints/rollback; execução em PostgreSQL real"
"services/backend/Discorda.Infrastructure/Persistence/Migrations/20260929005853_PersistentChat.Designer.cs","EF gerado; revisão com modelo/constraints/índices e migrations executadas"
"services/backend/Discorda.Infrastructure/Persistence/Migrations/20260929005853_PersistentChat.cs","Revisão de schema/SQL/constraints/rollback; execução em PostgreSQL real"
"services/backend/Discorda.Infrastructure/Persistence/Migrations/20260929013738_VoiceChannels.Designer.cs","EF gerado; revisão com modelo/constraints/índices e migrations executadas"
"services/backend/Discorda.Infrastructure/Persistence/Migrations/20260929013738_VoiceChannels.cs","Revisão de schema/SQL/constraints/rollback; execução em PostgreSQL real"
"services/backend/Discorda.Infrastructure/Persistence/Migrations/20260929021916_CustomDisplayName.Designer.cs","EF gerado; revisão com modelo/constraints/índices e migrations executadas"
"services/backend/Discorda.Infrastructure/Persistence/Migrations/20260929021916_CustomDisplayName.cs","Revisão de schema/SQL/constraints/rollback; execução em PostgreSQL real"
"services/backend/Discorda.Infrastructure/Persistence/Migrations/20261002001756_CommunityFeatures.Designer.cs","EF gerado; revisão com modelo/constraints/índices e migrations executadas"
"services/backend/Discorda.Infrastructure/Persistence/Migrations/20261002001756_CommunityFeatures.cs","Revisão de schema/SQL/constraints/rollback; execução em PostgreSQL real"
"services/backend/Discorda.Infrastructure/Persistence/Migrations/DiscordaDbContextModelSnapshot.cs","EF gerado; revisão com modelo/constraints/índices e migrations executadas"
"services/backend/Discorda.Infrastructure/Persistence/RuntimeDatabasePermissions.cs","Revisão por fluxo API/domínio/persistência; auth, RBAC, queries, concorrência; suites backend"
"services/backend/Discorda.Infrastructure/packages.lock.json","Inventário transitivo; npm/NuGet e confronto dos alertas com os consumidores"
"services/backend/tests/Discorda.IntegrationTests/AdminTests.cs","Testes/fixtures; inspeção dirigida das fronteiras e execução das suites descritas no relatório"
"services/backend/tests/Discorda.IntegrationTests/AuthenticationBudgetTests.cs","Testes/fixtures; inspeção dirigida das fronteiras e execução das suites descritas no relatório"
"services/backend/tests/Discorda.IntegrationTests/ChatTests.cs","Testes/fixtures; inspeção dirigida das fronteiras e execução das suites descritas no relatório"
"services/backend/tests/Discorda.IntegrationTests/CommunityTests.cs","Testes/fixtures; inspeção dirigida das fronteiras e execução das suites descritas no relatório"
"services/backend/tests/Discorda.IntegrationTests/Discorda.IntegrationTests.csproj","Testes/fixtures; inspeção dirigida das fronteiras e execução das suites descritas no relatório"
"services/backend/tests/Discorda.IntegrationTests/GoogleAvatarTests.cs","Testes/fixtures; inspeção dirigida das fronteiras e execução das suites descritas no relatório"
"services/backend/tests/Discorda.IntegrationTests/HealthTests.cs","Testes/fixtures; inspeção dirigida das fronteiras e execução das suites descritas no relatório"
"services/backend/tests/Discorda.IntegrationTests/LiveChatTests.cs","Testes/fixtures; inspeção dirigida das fronteiras e execução das suites descritas no relatório"
"services/backend/tests/Discorda.IntegrationTests/MediaTests.cs","Testes/fixtures; inspeção dirigida das fronteiras e execução das suites descritas no relatório"
"services/backend/tests/Discorda.IntegrationTests/PostgresTests.cs","Testes/fixtures; inspeção dirigida das fronteiras e execução das suites descritas no relatório"
"services/backend/tests/Discorda.IntegrationTests/ProxyTests.cs","Testes/fixtures; inspeção dirigida das fronteiras e execução das suites descritas no relatório"
"services/backend/tests/Discorda.IntegrationTests/SupabaseAuthTests.cs","Testes/fixtures; inspeção dirigida das fronteiras e execução das suites descritas no relatório"
"services/backend/tests/Discorda.IntegrationTests/packages.lock.json","Inventário transitivo; npm/NuGet e confronto dos alertas com os consumidores"
"skills-lock.json","Inventário e varredura de dados privados; metadados/licenças"
"tools/allow-radmin.ps1","Revisão de implantação/IO/processos/permissões; validações conforme relatório"
"tools/audit-source.mjs","Revisão de implantação/IO/processos/permissões; validações conforme relatório"
"tools/backup-external.ps1","Revisão de implantação/IO/processos/permissões; validações conforme relatório"
"tools/backup-schedule.ps1","Revisão de implantação/IO/processos/permissões; validações conforme relatório"
"tools/build-windows-audio.ps1","Revisão de implantação/IO/processos/permissões; validações conforme relatório"
"tools/generate-icon.ps1","Revisão de implantação/IO/processos/permissões; validações conforme relatório"
"tools/harden-database.ps1","Revisão de implantação/IO/processos/permissões; validações conforme relatório"
"tools/harden-database.py","Revisão de implantação/IO/processos/permissões; validações conforme relatório"
"tools/host-operations.ps1","Revisão de implantação/IO/processos/permissões; validações conforme relatório"
"tools/media-lab/application-audio-smoke.mjs","Lab: revisão de isolamento/processos/captura; smoke sintético executado; captura física não executada"
"tools/media-lab/client.js","Lab: revisão de isolamento/processos/captura; smoke sintético executado; captura física não executada"
"tools/media-lab/desktop-smoke.mjs","Lab: revisão de isolamento/processos/captura; smoke sintético executado; captura física não executada"
"tools/media-lab/manual.js","Lab: revisão de isolamento/processos/captura; smoke sintético executado; captura física não executada"
"tools/media-lab/package.json","Lab: revisão de isolamento/processos/captura; smoke sintético executado; captura física não executada"
"tools/media-lab/setup-windows.ps1","Lab: revisão de isolamento/processos/captura; smoke sintético executado; captura física não executada"
"tools/media-lab/smoke.mjs","Lab: revisão de isolamento/processos/captura; smoke sintético executado; captura física não executada"
"tools/media-lab/system-audio-smoke.mjs","Lab: revisão de isolamento/processos/captura; smoke sintético executado; captura física não executada"
"tools/migrate-native.ps1","Revisão de implantação/IO/processos/permissões; validações conforme relatório"
"tools/open-radmin.ps1","Revisão de implantação/IO/processos/permissões; validações conforme relatório"
"tools/publish-backup-status.ps1","Revisão de implantação/IO/processos/permissões; validações conforme relatório"
"tools/radmin-firewall.ps1","Revisão de implantação/IO/processos/permissões; validações conforme relatório"
"tools/server-panel.ps1","Revisão de implantação/IO/processos/permissões; validações conforme relatório"
"tools/setup-radmin.ps1","Revisão de implantação/IO/processos/permissões; validações conforme relatório"
"tools/setup-selfhost.ps1","Revisão de implantação/IO/processos/permissões; validações conforme relatório"
"tools/setup-vps.py","Revisão de implantação/IO/processos/permissões; validações conforme relatório"
"tools/show-server-identity.ps1","Revisão de implantação/IO/processos/permissões; validações conforme relatório"
"tools/start-radmin.ps1","Revisão de implantação/IO/processos/permissões; validações conforme relatório"
"tools/start-selfhost.ps1","Revisão de implantação/IO/processos/permissões; validações conforme relatório"
"tools/test-host-panel.ps1","Revisão de implantação/IO/processos/permissões; validações conforme relatório"
"tools/test-security-host.ps1","Revisão de implantação/IO/processos/permissões; validações conforme relatório"
"tools/test-setup-vps.py","Revisão de implantação/IO/processos/permissões; validações conforme relatório"
"tools/test-vps-backup.py","Revisão de implantação/IO/processos/permissões; validações conforme relatório"
"tools/verify-backup.ps1","Revisão de implantação/IO/processos/permissões; validações conforme relatório"
"tools/vps.sh","Revisão de implantação/IO/processos/permissões; validações conforme relatório"
"tools/windows-audio-tests/Discorda.Audio.Tests.csproj","Testes/fixtures; inspeção dirigida das fronteiras e execução das suites descritas no relatório"
"tools/windows-audio-tests/ExclusionTests.cs","Testes/fixtures; inspeção dirigida das fronteiras e execução das suites descritas no relatório"
"tools/windows-audio-tests/packages.lock.json","Inventário transitivo; npm/NuGet e confronto dos alertas com os consumidores"
"tools/windows-audio/AssemblyInfo.cs","Revisão de implantação/IO/processos/permissões; validações conforme relatório"
"tools/windows-audio/Discorda.Audio.csproj","Revisão de implantação/IO/processos/permissões; validações conforme relatório"
"tools/windows-audio/Program.cs","Revisão de implantação/IO/processos/permissões; validações conforme relatório"
"tools/windows-audio/PushToTalk.cs","Revisão de implantação/IO/processos/permissões; validações conforme relatório"
"tools/windows-audio/SystemAudio.cs","Revisão de implantação/IO/processos/permissões; validações conforme relatório"
"tools/windows-audio/THIRD-PARTY-NOTICES.txt","Inventário e varredura de dados privados; metadados/licenças"
"tools/windows-audio/packages.lock.json","Inventário transitivo; npm/NuGet e confronto dos alertas com os consumidores"
